[
  {
    "Id": "0",
    "Name": "JavApi Converter 0.1",
    "DevelopmentStatus": "Alpha",
    "Description": "Java to JavApi C# code translator. Package includes mono executable and sample using script 'Convert.sh' for bash.",
    "ReleasedDatge": "0001-01-01T00:00:00",
    "ModifiedDate": "2012-07-20T12:51:37.177-07:00",
    "Files": [
      {
        "Id": "5a2255ee-5eda-44e4-96e9-1c689715cbc7",
        "FileName": "JavApiConverter-0.1.tar.gz",
        "Url": "./0/5a2255ee-5eda-44e4-96e9-1c689715cbc7",
        "Type": "Application",
        "UploadDate": "2012-07-20T12:51:37.113-07:00"
      }
    ]
  },
  {
    "Id": "1",
    "Name": "JavApi 2012-01-01.9510",
    "DevelopmentStatus": "Alpha",
    "Description": "*JavApi 0.7* base release with some base classes of ported Java API, provided under Apache License 2.0.\n*JavApi Common Codec* is a JavApi based codec framework, ported form Apache Codec 1.4.0, provided under Apache License 2.0.\n*JavApi Common Collections* is a JavApi based collection framework, ported form Apache Collections 3.2.1, provided under Apache License 2.0.\n*JavApi Common Compress* is a JavApi based collection framework, ported form Apache Compress 1.1, provided under Apache License 2.0.\n*JavApi Language Binding* is a JavApi based port of W3C Java Language Binding, provided under W3C Software Notice and License.\n*JavApi jrpm* is a port of JRPM, provided under Apache License 2.0.\n*JavApi JZLib* is a JavApi based full managed zlib API, ported from JZlib, provided unter BSD style license.\n*JavApi Mail* is a JavApi based mail API, provided under Apache License 2.0.\n*JavApi 7z* is a JavApi based port of LZMA 7z 4.12 implementation, provided under different licenses - see lzma.txt at source code repository.",
    "ReleasedDatge": "0001-01-01T00:00:00",
    "ModifiedDate": "2012-01-01T12:59:54.31-08:00",
    "Files": [
      {
        "Id": "fe756136-39aa-4c62-8b00-6d2b2e1d94a1",
        "FileName": "JavApi.dll",
        "Url": "./1/fe756136-39aa-4c62-8b00-6d2b2e1d94a1",
        "Type": "Application",
        "UploadDate": "2012-01-01T09:13:03.333-08:00"
      },
      {
        "Id": "2e93e415-230f-4d51-a696-b9854e8feddd",
        "FileName": "JavApi Commons Codec (Apache Port).dll",
        "Url": "./1/2e93e415-230f-4d51-a696-b9854e8feddd",
        "Type": "Application",
        "UploadDate": "2012-01-01T09:13:03.41-08:00"
      },
      {
        "Id": "95119699-28f0-4d76-92f1-6f8fad7c6c56",
        "FileName": "JavApi Commons collections (Apache Port).dll",
        "Url": "./1/95119699-28f0-4d76-92f1-6f8fad7c6c56",
        "Type": "Application",
        "UploadDate": "2012-01-01T09:13:03.427-08:00"
      },
      {
        "Id": "a02a09fb-6700-48a8-8f13-1fdf107154e9",
        "FileName": "JavApi Common Compress (Apache Port).dll",
        "Url": "./1/a02a09fb-6700-48a8-8f13-1fdf107154e9",
        "Type": "Application",
        "UploadDate": "2012-01-01T09:13:03.473-08:00"
      },
      {
        "Id": "c02e8deb-9f51-4f66-8b56-7efce6e10597",
        "FileName": "JavApiW3CLanguageBindung.dll",
        "Url": "./1/c02e8deb-9f51-4f66-8b56-7efce6e10597",
        "Type": "Application",
        "UploadDate": "2012-01-01T09:13:03.49-08:00"
      },
      {
        "Id": "95ae238f-8bb7-45fc-823d-a644ebb96c96",
        "FileName": "JavApiJZlib.dll",
        "Url": "./1/95ae238f-8bb7-45fc-823d-a644ebb96c96",
        "Type": "Application",
        "UploadDate": "2012-01-01T09:13:03.52-08:00"
      },
      {
        "Id": "9eab713e-dba6-468e-8abb-130fd1fa0bb3",
        "FileName": "JavApiMail.dll",
        "Url": "./1/9eab713e-dba6-468e-8abb-130fd1fa0bb3",
        "Type": "Application",
        "UploadDate": "2012-01-01T09:13:03.537-08:00"
      },
      {
        "Id": "7ca8cf95-6be1-4a70-bfdd-eeb1f56746ce",
        "FileName": "JavApi SevenZip.dll",
        "Url": "./1/7ca8cf95-6be1-4a70-bfdd-eeb1f56746ce",
        "Type": "Application",
        "UploadDate": "2012-01-01T09:13:03.55-08:00"
      },
      {
        "Id": "9e219b18-b251-4e1c-96e3-2c79be67c27e",
        "FileName": "JavApi jrpm.dll",
        "Url": "./1/9e219b18-b251-4e1c-96e3-2c79be67c27e",
        "Type": "Application",
        "UploadDate": "2012-01-01T09:13:03.567-08:00"
      }
    ]
  },
  {
    "Id": "2",
    "Name": "JavApi 2011-08-22",
    "DevelopmentStatus": "Alpha",
    "Description": "JavApi 0.6 base release with some base classes of ported Java API, provided under Apache License 2.0.\nJavApi Mail is a JavApi based mail API, provided under Apache License 2.0.\nJavApi JZLib is a JavApi based full managed zlib API, ported from JZlib, provided unter BSD style license.\nJavApi Common Collections is a JavApi based collection framework, ported form Apache Collections 3.2.1, provided under Apache License 2.0.\nJavApi Language Binding is a JavApi based port of W3C Java Language Binding, provided under W3C Software Notice and License.\nJavApi Common Compress is a JavApi based collection framework, ported form Apache Compress 1.1, provided under Apache License 2.0.",
    "ReleasedDatge": "0001-01-01T00:00:00",
    "ModifiedDate": "2011-08-22T05:28:07.037-07:00",
    "Files": [
      {
        "Id": "88aa3e95-45d8-413c-bcfc-9e5c47cb0e68",
        "FileName": "JavApi.dll",
        "Url": "./2/88aa3e95-45d8-413c-bcfc-9e5c47cb0e68",
        "Type": "Application",
        "UploadDate": "2011-08-22T05:28:06.85-07:00"
      },
      {
        "Id": "f7ca0624-53b9-4340-8464-be532bf87975",
        "FileName": "JavApiMail.dll",
        "Url": "./2/f7ca0624-53b9-4340-8464-be532bf87975",
        "Type": "Application",
        "UploadDate": "2011-08-22T05:28:06.897-07:00"
      },
      {
        "Id": "5489084b-7027-45dd-b06a-9d1121b2f704",
        "FileName": "JavApiJZlib.dll",
        "Url": "./2/5489084b-7027-45dd-b06a-9d1121b2f704",
        "Type": "Application",
        "UploadDate": "2011-08-22T05:28:06.897-07:00"
      },
      {
        "Id": "31329639-8511-4e2b-a328-6ced615659fc",
        "FileName": "JavApi Commons collections (Apache Port).dll",
        "Url": "./2/31329639-8511-4e2b-a328-6ced615659fc",
        "Type": "Application",
        "UploadDate": "2011-08-22T05:28:06.913-07:00"
      },
      {
        "Id": "823a7349-8e3e-43f1-9b94-50e72f5743b0",
        "FileName": "JavApiW3CLanguageBindung.dll",
        "Url": "./2/823a7349-8e3e-43f1-9b94-50e72f5743b0",
        "Type": "Application",
        "UploadDate": "2011-08-22T05:28:06.943-07:00"
      },
      {
        "Id": "f2bca085-d621-46cb-bf3d-3f34f862a4c2",
        "FileName": "JavApi Common Compress (Apache Port).dll",
        "Url": "./2/f2bca085-d621-46cb-bf3d-3f34f862a4c2",
        "Type": "Application",
        "UploadDate": "2011-08-22T05:28:06.943-07:00"
      }
    ]
  },
  {
    "Id": "3",
    "Name": "JavApi 2011-08-03",
    "DevelopmentStatus": "Alpha",
    "Description": "*JavApi* base release with some base classes of ported Java API, provided under Apache License 2.0.\n*JavApi Mail* is a JavApi based mail API, provided under Apache License 2.0.\n*JavApi JZLib* is a JavApi based full managed zlib API, ported from JZlib, provided unter BSD style license.\n*JavApi Common Collections* is a JavApi based collection framework, ported form Apach Collections 3.2.1, provided under Apache License 2.0.\n*JavApi Language Binding* is a JavApi based port of W3C Java Language Binding for DOM Level 2, provided under W3C Software Notice and License.",
    "ReleasedDatge": "0001-01-01T00:00:00",
    "ModifiedDate": "2011-08-03T12:12:55.053-07:00",
    "Files": [
      {
        "Id": "c8c0a91d-5893-460f-98c9-cea4d219e3a1",
        "FileName": "JavApi.dll",
        "Url": "./3/c8c0a91d-5893-460f-98c9-cea4d219e3a1",
        "Type": "Application",
        "UploadDate": "2011-08-03T12:12:54.493-07:00"
      },
      {
        "Id": "f4055762-fcb7-476e-92b2-78fa955cc935",
        "FileName": "JavApiJZlib.dll",
        "Url": "./3/f4055762-fcb7-476e-92b2-78fa955cc935",
        "Type": "Application",
        "UploadDate": "2011-08-03T12:12:54.727-07:00"
      },
      {
        "Id": "bb0e2033-4c3f-4e1d-879c-5ad7f6b332e2",
        "FileName": "JavApi Commons collections (Apache Port).dll",
        "Url": "./3/bb0e2033-4c3f-4e1d-879c-5ad7f6b332e2",
        "Type": "Application",
        "UploadDate": "2011-08-03T12:12:54.79-07:00"
      },
      {
        "Id": "8dc90aac-c450-4350-a4b9-7d58ea91ef71",
        "FileName": "JavApiMail.dll",
        "Url": "./3/8dc90aac-c450-4350-a4b9-7d58ea91ef71",
        "Type": "Application",
        "UploadDate": "2011-08-03T12:12:54.913-07:00"
      },
      {
        "Id": "a6fcf4d9-30d6-4500-8b27-0bd7c0fbf864",
        "FileName": "JavApiDOMLanguageBindung.dll",
        "Url": "./3/a6fcf4d9-30d6-4500-8b27-0bd7c0fbf864",
        "Type": "Application",
        "UploadDate": "2011-08-03T12:12:54.947-07:00"
      }
    ]
  },
  {
    "Id": "4",
    "Name": "JavApi 2011-06-13.7269",
    "DevelopmentStatus": "Alpha",
    "Description": "*JavApi* base release with some base classes of ported Java API, provided under Apache License 2.0.\n*JavApi Mail* is a JavApi based mail API, provided under Apache License 2.0.\n*JavApi JZLib* is a JavApi based full managed zlib API, ported from JZlib, provided unter BSD style license.\n*JavApi Common Collections* is a JavApi  base collection framework, ported form Apach Collections 3.2.1, provided under Apache License 2.0.",
    "ReleasedDatge": "0001-01-01T00:00:00",
    "ModifiedDate": "2011-06-13T05:14:15.13-07:00",
    "Files": [
      {
        "Id": "e6759364-0803-4171-9880-0cb2508d767b",
        "FileName": "JavApi.dll",
        "Url": "./4/e6759364-0803-4171-9880-0cb2508d767b",
        "Type": "Application",
        "UploadDate": "2011-06-13T05:14:14.427-07:00"
      },
      {
        "Id": "a8747083-0165-4479-9ce4-2780e0bd60c5",
        "FileName": "JavApiJZlib.dll",
        "Url": "./4/a8747083-0165-4479-9ce4-2780e0bd60c5",
        "Type": "Application",
        "UploadDate": "2011-06-13T05:14:14.46-07:00"
      },
      {
        "Id": "24eb2bc3-f6b2-4728-ad7e-d71d86b5172a",
        "FileName": "JavApiMail.dll",
        "Url": "./4/24eb2bc3-f6b2-4728-ad7e-d71d86b5172a",
        "Type": "Application",
        "UploadDate": "2011-06-13T05:14:14.49-07:00"
      },
      {
        "Id": "a1925f3b-a847-4c3a-8725-9e0300f0fc0d",
        "FileName": "JavApiCommonCollections.dll",
        "Url": "./4/a1925f3b-a847-4c3a-8725-9e0300f0fc0d",
        "Type": "Application",
        "UploadDate": "2011-06-13T05:14:14.49-07:00"
      }
    ]
  },
  {
    "Id": "5",
    "Name": "JavApi 2011-06-04.7127",
    "DevelopmentStatus": "Alpha",
    "Description": "JavAPI base release with some base classes of ported Java API, provided under Apache License 2.0.\nJavAPI Mail is provided under Apache License 2.0.\nJavAPI JZLib is a JavAPI based full managed zlib API, ported from JZlib, provided unter BSD style license.\n\nNote: This JavApi contains all needed classes and methods to port Apache Commons Collection 3.2.1",
    "ReleasedDatge": "0001-01-01T00:00:00",
    "ModifiedDate": "2011-06-04T11:40:00.093-07:00",
    "Files": [
      {
        "Id": "7b4bffcb-72f0-47ec-a3aa-e10f16b2223a",
        "FileName": "JavApi.dll",
        "Url": "./5/7b4bffcb-72f0-47ec-a3aa-e10f16b2223a",
        "Type": "Application",
        "UploadDate": "2011-06-04T11:39:24.937-07:00"
      },
      {
        "Id": "b6180077-5051-4afe-9fd8-1948c9864e8e",
        "FileName": "JavApi jzlib.dll",
        "Url": "./5/b6180077-5051-4afe-9fd8-1948c9864e8e",
        "Type": "Application",
        "UploadDate": "2011-06-04T11:39:24.97-07:00"
      },
      {
        "Id": "d386108e-52de-474c-9856-854928819328",
        "FileName": "JavApiMail.dll",
        "Url": "./5/d386108e-52de-474c-9856-854928819328",
        "Type": "Application",
        "UploadDate": "2011-06-04T11:39:25.017-07:00"
      }
    ]
  },
  {
    "Id": "6",
    "Name": "JavApi 2011-03-27.5222",
    "DevelopmentStatus": "Alpha",
    "Description": "JavAPI base release with some base classes of ported Java API, provided under Apache License 2.0.\nJavAPI Mail is provided under Apache License 2.0.\nJavAPI JZLib is a JavAPI based full managed zlib API, ported from JZlib, provided unter BSD style license.",
    "ReleasedDatge": "0001-01-01T00:00:00",
    "ModifiedDate": "2011-04-03T05:56:54.54-07:00",
    "Files": [
      {
        "Id": "9d0fdbd6-bb5f-404d-9110-b5af8940ad3a",
        "FileName": "JavApi.dll",
        "Url": "./6/9d0fdbd6-bb5f-404d-9110-b5af8940ad3a",
        "Type": "Application",
        "UploadDate": "2011-03-26T16:38:39.507-07:00"
      },
      {
        "Id": "3570dc83-caee-496a-8717-483df3f0a303",
        "FileName": "JavApiMail.dll",
        "Url": "./6/3570dc83-caee-496a-8717-483df3f0a303",
        "Type": "Application",
        "UploadDate": "2011-03-26T16:38:39.523-07:00"
      },
      {
        "Id": "0add37f4-49b8-428d-b044-d02636531685",
        "FileName": "JavApi jzlib.dll",
        "Url": "./6/0add37f4-49b8-428d-b044-d02636531685",
        "Type": "Application",
        "UploadDate": "2011-03-26T16:38:39.537-07:00"
      }
    ]
  },
  {
    "Id": "7",
    "Name": "JavApi 2011-03-10.4705",
    "DevelopmentStatus": "Alpha",
    "Description": "JavApi base release with some base classes, for example string extensions, threads, system informations, gzip support, inputstreams and outputstreams, sockets / serversockets and most classes of collection framework",
    "ReleasedDatge": "0001-01-01T00:00:00",
    "ModifiedDate": "2011-03-11T08:57:21.747-08:00",
    "Files": [
      {
        "Id": "b2287644-4cdc-43f7-9db8-fe0e79562b57",
        "FileName": "JavApi.dll",
        "Url": "./7/b2287644-4cdc-43f7-9db8-fe0e79562b57",
        "Type": "Application",
        "UploadDate": "2011-03-10T13:09:05.01-08:00"
      },
      {
        "Id": "33b7daba-6f5a-4e74-b17d-3eafaff6cbb0",
        "FileName": "JavApi.dll",
        "Url": "./7/33b7daba-6f5a-4e74-b17d-3eafaff6cbb0",
        "Type": "Application",
        "UploadDate": "2011-03-10T13:09:05.023-08:00"
      }
    ]
  },
  {
    "Id": "8",
    "Name": "JavApi 2011-02-10.2960",
    "DevelopmentStatus": "Alpha",
    "Description": "JavApi base release with some base classes, for example string extensions, threads, system informations, gzip support, inputstreams and outputstreams, sockets / serversockets,...",
    "ReleasedDatge": "0001-01-01T00:00:00",
    "ModifiedDate": "2011-02-10T13:11:32.153-08:00",
    "Files": [
      {
        "Id": "4938904f-9cbb-4265-9f0c-a1a42ff8c129",
        "FileName": "JavApi.dll",
        "Url": "./8/4938904f-9cbb-4265-9f0c-a1a42ff8c129",
        "Type": "Application",
        "UploadDate": "2011-02-10T13:10:01.29-08:00"
      },
      {
        "Id": "2e5b2346-84ca-4d08-a305-17ad4d45c9a5",
        "FileName": "JavApiMail.dll",
        "Url": "./8/2e5b2346-84ca-4d08-a305-17ad4d45c9a5",
        "Type": "Application",
        "UploadDate": "2011-02-10T13:10:01.307-08:00"
      }
    ]
  },
  {
    "Id": "9",
    "Name": "JavApi 2012-07-09.13746",
    "DevelopmentStatus": "Alpha",
    "Description": "RELEASE NOTES\n\n*JavApi 0.8* base release with some base classes of ported Java API, provided under Apache License 2.0.\n*JavApi Common Codec* is a JavApi based codec framework, ported form Apache Codec 1.4.0, provided under Apache License 2.0.\n*JavApi Common Collections* is a JavApi based collection framework, ported form Apache Collections 3.2.1, provided under Apache License 2.0.\n*JavApi Common Compress* is a JavApi based collection framework, ported form Apache Compress 1.1, provided under Apache License 2.0.\n*JavApi Language Binding* is a JavApi based port of W3C Java Language Binding, provided under W3C Software Notice and License.\n*JavApi jrpm* is a port of JRPM, provided under Apache License 2.0.\n*JavApi JZLib* is a JavApi based full managed zlib API, ported from JZlib, provided unter BSD style license.\n*JavApi Mail* is a JavApi based mail API, provided under Apache License 2.0.\n*JavApi 7z* is a JavApi based port of LZMA 7z 4.12 implementation, provided under different licenses - see lzma.txt at source code repository.\n*JavApi Common Pool* is a port of Apache Pool API is provided under Apache License 2.0. \n*JavApi TinySQL* is a port of embedded JDBC based SQL database named 'TinySQL' and provided under LGPL.",
    "ReleasedDatge": "0001-01-01T00:00:00",
    "ModifiedDate": "2012-07-09T07:08:43.603-07:00",
    "Files": [
      {
        "Id": "e9a61001-706c-4f82-a5fb-ed7120c76df8",
        "FileName": "JavApi.dll",
        "Url": "./9/e9a61001-706c-4f82-a5fb-ed7120c76df8",
        "Type": "Application",
        "UploadDate": "2012-07-09T06:49:51.787-07:00"
      },
      {
        "Id": "95aaf5de-7d49-4f43-a30c-07f5bd89d552",
        "FileName": "JavApi Common Compress (Apache Port).dll",
        "Url": "./9/95aaf5de-7d49-4f43-a30c-07f5bd89d552",
        "Type": "Application",
        "UploadDate": "2012-07-01T05:59:25.753-07:00"
      },
      {
        "Id": "2a1a7347-e881-428d-af3c-e219bf5e1659",
        "FileName": "JavApi Commons collections (Apache Port).dll",
        "Url": "./9/2a1a7347-e881-428d-af3c-e219bf5e1659",
        "Type": "Application",
        "UploadDate": "2012-07-01T05:59:25.783-07:00"
      },
      {
        "Id": "344504e0-1d07-4275-a714-3652940264f4",
        "FileName": "JavApi jrpm.dll",
        "Url": "./9/344504e0-1d07-4275-a714-3652940264f4",
        "Type": "Application",
        "UploadDate": "2012-07-01T05:59:25.813-07:00"
      },
      {
        "Id": "9c1bec95-7e6a-4e54-aaec-ee11baf666bc",
        "FileName": "JavApi SevenZip.dll",
        "Url": "./9/9c1bec95-7e6a-4e54-aaec-ee11baf666bc",
        "Type": "Application",
        "UploadDate": "2012-07-01T05:59:25.847-07:00"
      },
      {
        "Id": "c02c7ed1-adcc-4443-bfa8-aa12590bc271",
        "FileName": "JavApi TinySQL.dll",
        "Url": "./9/c02c7ed1-adcc-4443-bfa8-aa12590bc271",
        "Type": "Application",
        "UploadDate": "2012-07-01T05:59:25.86-07:00"
      },
      {
        "Id": "dd7d222c-f7a4-4078-a4f1-02f72689a856",
        "FileName": "JavApiJZlib.dll",
        "Url": "./9/dd7d222c-f7a4-4078-a4f1-02f72689a856",
        "Type": "Application",
        "UploadDate": "2012-07-01T05:59:25.893-07:00"
      },
      {
        "Id": "39808a3e-da4b-4c3a-a425-af52d31abcc1",
        "FileName": "JavApiMail.dll",
        "Url": "./9/39808a3e-da4b-4c3a-a425-af52d31abcc1",
        "Type": "Application",
        "UploadDate": "2012-07-01T05:59:25.893-07:00"
      },
      {
        "Id": "807d88f4-230b-4ce7-8eed-86ff234c046b",
        "FileName": "JavApiW3CLanguageBindung.dll",
        "Url": "./9/807d88f4-230b-4ce7-8eed-86ff234c046b",
        "Type": "Application",
        "UploadDate": "2012-07-01T05:59:25.907-07:00"
      },
      {
        "Id": "df53bc82-2fd2-428c-b085-234af1de37f1",
        "FileName": "JavApi Commons pool (Apache Port).dll",
        "Url": "./9/df53bc82-2fd2-428c-b085-234af1de37f1",
        "Type": "Application",
        "UploadDate": "2012-07-01T05:59:25.923-07:00"
      },
      {
        "Id": "cd6f08c0-6e53-43b1-95d6-248b9d82d6ba",
        "FileName": "JavApi Commons Codec (Apache Port).dll",
        "Url": "./9/cd6f08c0-6e53-43b1-95d6-248b9d82d6ba",
        "Type": "Application",
        "UploadDate": "2012-07-01T06:02:02.7-07:00"
      },
      {
        "Id": "dc340c13-6eb1-471a-be71-69c2c17e3651",
        "FileName": "JavApi.dll",
        "Url": "./9/dc340c13-6eb1-471a-be71-69c2c17e3651",
        "Type": "Application",
        "UploadDate": "2012-07-09T06:49:51.707-07:00"
      }
    ]
  }
]