[
  {
    "Title": "Home",
    "Id": "717944",
    "ParentWikiTitle": "Home",
    "FileExtension": "html",
    "UpdatedDate": "2013-04-13T09:39:40.717-07:00",
    "FileAttachments": []
  },
  {
    "Title": "License Compatibility",
    "Id": "715000",
    "ParentWikiTitle": "Documentation",
    "FileExtension": "codeplexwiki",
    "UpdatedDate": "2013-04-06T08:04:08.653-07:00",
    "FileAttachments": []
  },
  {
    "Title": "JavApi References",
    "Id": "582268",
    "ParentWikiTitle": "Home",
    "FileExtension": "html",
    "UpdatedDate": "2012-06-01T10:02:49.163-07:00",
    "FileAttachments": []
  },
  {
    "Title": "JavApi Samples",
    "Id": "384246",
    "ParentWikiTitle": "Documentation",
    "FileExtension": "html",
    "UpdatedDate": "2011-02-18T05:02:43.153-08:00",
    "FileAttachments": []
  },
  {
    "Title": "JavApi Startup",
    "Id": "381488",
    "ParentWikiTitle": "Documentation",
    "FileExtension": "html",
    "UpdatedDate": "2011-02-12T14:00:12.953-08:00",
    "FileAttachments": []
  },
  {
    "Title": "Documentation",
    "Id": "381486",
    "ParentWikiTitle": "Documentation",
    "FileExtension": "codeplexwiki",
    "UpdatedDate": "2011-02-12T13:58:00.557-08:00",
    "FileAttachments": []
  },
  {
    "Title": "JavApi Compare",
    "Id": "380870",
    "ParentWikiTitle": "Documentation",
    "FileExtension": "html",
    "UpdatedDate": "2011-02-10T23:53:51.873-08:00",
    "FileAttachments": []
  }
]
